epoch,beta,beta_event,lr,grad_norm,train_recon,train_kl,train_interv,train_total,train_aux_pres,train_aux_type,train_aux_prox,val_recon,val_kl,val_interv,val_total,val_aux_pres,val_aux_type,val_aux_prox,val_raw_kl,val_ref_elbo,pres_changed_frac,type_changed_frac
0,0.02,↑,0.00025,0.1166,0.03279434755444527,0.0,0.0,0.03279434755444527,0.0,0.0,0.0,0.006236045360110882,0.0,0.0,0.006236045360110882,0.0,0.0,0.0,38.294421560396025,38.300657605756136,0.0,0.0
1,0.02,→hold,0.00015,0.537,0.02967052866704762,0.1280814621411264,0.0,0.15775199007242918,0.0,0.0,0.0,0.009299145542024597,0.003366304618283743,0.0,0.012665450133807292,0.0,0.0,0.0,0.1683152344350408,0.1776143799770654,0.0,0.0
2,0.02,→hold,0.0001,0.0329,0.018993285857141017,0.0035455134697258473,0.0,0.022538799308240414,0.0,0.0,0.0,0.00711599665852945,0.0015500762284074614,0.0,0.008666072860435864,0.0,0.0,0.0,0.07750381320351507,0.08461980986204452,0.0,0.0
