epoch,train_pres_loss,train_type_loss,val_pres_acc,val_pres_f1,val_type_acc,val_type_f1,val_prox_loss,class_breakdown
0,0.6847805364837284,1.3968656958180727,0.543984931619032,0.38331929252477853,0.61331049864585,0.5652190312287311,0.7802473825437052,"{""pedestrian"": 0.0011, ""light"": 0.0, ""sport"": 0.7534, ""utility"": 0.2023}"
1,0.6842277389290423,1.1878326109330135,0.543984931619032,0.38331929252477853,0.4226740481121555,0.42950356974047205,0.7802473825437052,"{""pedestrian"": 0.0, ""light"": 0.0, ""sport"": 0.4955, ""utility"": 0.3675}"
2,0.6841753037021234,1.0720580453794308,0.543984931619032,0.38331929252477853,0.2494424087940099,0.10628261961302685,0.7802473825437052,"{""pedestrian"": 0.0, ""light"": 0.0, ""sport"": 0.013, ""utility"": 0.3952}"
