epoch,train_pres_loss,train_type_loss,val_pres_acc,val_pres_f1,val_type_acc,val_type_f1,val_prox_loss,class_breakdown
0,0.6860438375427649,1.1864370602637426,0.540505623670078,0.3792862872164983,0.2574216911839925,0.1053996881978878,0.16163410634889624,"{""pedestrian"": 0.0, ""light"": 0.0, ""sport"": 0.0, ""utility"": 0.4094}"
1,0.6851021241667361,1.0567771544402857,0.540505623670078,0.3792862872164983,0.2574216911839925,0.1053996881978878,0.16163410634889624,"{""pedestrian"": 0.0, ""light"": 0.0, ""sport"": 0.0, ""utility"": 0.4094}"
2,0.6843463476347675,0.9997040917097904,0.540505623670078,0.3793467590575636,0.2574216911839925,0.1053996881978878,0.16163410634889624,"{""pedestrian"": 0.0, ""light"": 0.0, ""sport"": 0.0, ""utility"": 0.4094}"
