epoch,train_pres_loss,train_type_loss,val_pres_acc,val_pres_f1,val_type_acc,val_type_f1,val_prox_loss,class_breakdown
0,0.7198320479232134,1.190777195727124,0.5635983948898534,0.43268767387337786,0.2743946152620679,0.1996383930279087,0.4593502392862069,"{""pedestrian"": 0.0, ""light"": 0.0, ""sport"": 0.1588, ""utility"": 0.3694}"
1,0.673601952958272,0.9824658964331999,0.5959954139710097,0.5130782328460166,0.24649514099091924,0.09748911573587239,0.4593502392862069,"{""pedestrian"": 0.0, ""light"": 0.0, ""sport"": 0.0, ""utility"": 0.3955}"
2,0.6677465900314721,0.9637696728574363,0.6269183523052985,0.6074127508035193,0.24649514099091924,0.09748911573587239,0.4593502392862069,"{""pedestrian"": 0.0, ""light"": 0.0, ""sport"": 0.0, ""utility"": 0.3955}"
