{
  "name": "exp1_no_tc",
  "description": "No TC losses (lambda_tc=0, lambda_tc_cross=0)",
  "overrides": {
    "lambda_tc": 0.0,
    "lambda_tc_cross": 0.0
  },
  "elapsed_min": 54.8,
  "final_metrics": {
    "probe_pres_acc": 0.8453125,
    "probe_pres_f1": 0.8457474084286893,
    "probe_type_acc": 0.73265625,
    "probe_type_f1": 0.8457029488682478,
    "probe_inst_acc": 0.0803125,
    "probe_inst_f1": 0.1486838299103269,
    "detection_auc": 0.9242333541190328
  }
}