epoch,train_det_loss,train_cls_loss,val_det_acc,val_det_f1,val_cls_acc,val_cls_f1
0,0.5133163769064099,1.0819542159170505,0.4658452856080713,0.29609104351451837,0.21516668620575727,0.07619811072557278
1,0.5119008200702784,1.0779353747419222,0.4658452856080713,0.29609104351451837,0.21516668620575727,0.07619811072557278
2,0.511967332416993,1.0777929657830077,0.4658452856080713,0.29609104351451837,0.21516668620575727,0.07619811072557278
3,0.511972169622615,1.077643166651584,0.4658452856080713,0.29609104351451837,0.21516668620575727,0.07619811072557278
