epoch,train_det_loss,train_cls_loss,val_det_acc,val_det_f1,val_cls_acc,val_cls_f1
0,0.49329753469028914,1.0773003547782904,0.4658452856080713,0.29609104351451837,0.21516668620575727,0.07619811072557278
1,0.4669400830622552,1.0752591467050185,0.4658452856080713,0.29609104351451837,0.21516668620575727,0.07619811072557278
2,0.466016431964932,1.0739519373973607,0.4658452856080713,0.29609104351451837,0.21516668620575727,0.07619811072557278
3,0.46599834949261904,1.072994123425618,0.4658452856080713,0.29609104351451837,0.21516668620575727,0.07619811072557278
4,0.46610803347254814,1.071855962243647,0.4658452856080713,0.29609104351451837,0.21516668620575727,0.07619811072557278
