epoch,train_det_loss,train_cls_loss,val_det_acc,val_det_f1,val_cls_acc,val_cls_f1
0,0.5209010444634274,0.9209384226603202,0.7508973858328866,0.7486147097198156,0.24537056773492205,0.11259437721484515
1,0.5191084028083157,0.9140175338434349,0.7509271699969775,0.7487882267406832,0.24452461392533226,0.11229092122101597
2,0.5191257349667446,0.9135310642192004,0.7508940764813209,0.7486038809403025,0.24464451289047096,0.11234330114523135
3,0.5188561297284914,0.9129678282820454,0.7509227575282232,0.7487450273837168,0.24342953671039871,0.11153485534896351
4,0.5189890803318395,0.9130055974446853,0.7509701915673309,0.7485033664587009,0.2443474298990717,0.1121745860744869
5,0.519015204968186,0.9124948816367404,0.7509260668797889,0.7487847294084115,0.2446178686759957,0.11234152983247102
6,0.5187203754099864,0.9129121354408352,0.7509415105204287,0.7487384429393386,0.2447923882808087,0.11244385673001135
7,0.5191516358107603,0.9130822175891244,0.7509315824657317,0.7487302812595128,0.24430879578808257,0.11214514669580018
