{
  "name": "exp3_no_losses",
  "description": "Pure supervised baseline (only pres + type + inst CE)",
  "overrides": {
    "lambda_tc": 0.0,
    "lambda_tc_cross": 0.0,
    "lambda_recon": 0.0,
    "lambda_causal": 0.0
  },
  "elapsed_min": 6.36,
  "final_metrics": {
    "probe_pres_acc": 0.533671875,
    "probe_pres_f1": 0.5411975691774612,
    "probe_type_acc": 0.48093476682684,
    "probe_type_f1": 0.49170597114656595,
    "probe_inst_acc": 0.27393092958135995,
    "probe_inst_f1": 0.3035494146848051,
    "detection_auc": 0.5728291628216169
  }
}