epoch,beta,beta_event,lr,grad_norm,train_recon,train_kl,train_interv,train_total,train_aux_pres,train_aux_type,train_aux_prox,val_recon,val_kl,val_interv,val_total,val_aux_pres,val_aux_type,val_aux_prox,val_raw_kl,val_ref_elbo,pres_changed_frac,type_changed_frac
0,0.02,↑,0.00025,32126.2198,10.345223474502564,0.0,0.3795207467675209,11.285735578536988,0.7392660748958587,1.1038216495513915,0.08065114226192235,5.536564903046058,0.0,0.17173478570653172,6.280966604143623,0.8541623041397188,0.9947273963835181,0.17999988633806144,666.2642296736802,671.9725293624329,0.08071558469739872,0.0
1,0.04,↑,0.00015,29530.7286,4.653568515777588,5.680408568382263,0.23340205520391463,11.15352777481079,0.7317797005176544,1.162458689212799,0.17877084791660308,2.2523291891183312,2.825925302214739,0.21146569079984495,5.860666961204715,0.7435315067205972,1.110150366173527,0.14842214765466324,141.29626738928198,143.76006226920018,0.08071558469739872,0.0
2,0.06,↑,0.0001,24261.8711,2.935443081855774,3.0025432109832764,0.23737518876791,6.763931064605713,0.7249782872200012,1.135987277030945,0.30279919773340225,1.9656884108132464,2.4563307960828147,0.2098626772441515,5.1930754901917,0.7191912478547755,1.0970376390751784,0.16324968474000934,61.408271265223746,63.58382235328114,0.08071558469739872,0.0
