epoch,train_pres_loss,train_type_loss,val_pres_acc,val_pres_f1,val_type_acc,val_type_f1,val_prox_loss,class_breakdown
0,0.6869911492695858,1.086717795232588,0.540505623670078,0.3792862872164983,0.2574216911839925,0.10546833124853852,0.8766063079557705,"{""pedestrian"": 0.0, ""light"": 0.0, ""sport"": 0.0, ""utility"": 0.4097}"
1,0.6861751088840327,0.9541681956461144,0.540505623670078,0.3792862872164983,0.2574216911839925,0.1054803529758677,0.8766063079557705,"{""pedestrian"": 0.0, ""light"": 0.0, ""sport"": 0.0, ""utility"": 0.4098}"
2,0.6859248643515432,0.9526681964475804,0.540505623670078,0.3792862872164983,0.2574216911839925,0.10544086330192866,0.8766063079557705,"{""pedestrian"": 0.0, ""light"": 0.0, ""sport"": 0.0, ""utility"": 0.4096}"
